id,survived,pclass,sex,age,sibsp,parch,fare,embarked,class,who,adult_male,deck,embark_town,alive,alone,outliercalcId,outlier
1,0,3,male,22.0,1,0,7.25,S,Third,man,True,C,Southampton,no,False,1,1
2,1,1,female,38.0,1,0,71.2833,C,First,woman,False,C,Cherbourg,yes,False,2,1
3,1,3,female,26.0,0,0,7.925,S,Third,woman,False,C,Southampton,yes,True,1,1
4,1,1,female,35.0,1,0,53.1,S,First,woman,False,C,Southampton,yes,False,2,1
5,0,3,male,35.0,0,0,8.05,S,Third,man,True,C,Southampton,no,True,1,1
6,0,3,male,30.72664459161148,0,0,8.4583,Q,Third,man,True,C,Queenstown,no,True,1,1
7,0,1,male,54.0,0,0,51.8625,S,First,man,True,E,Southampton,no,True,2,1
8,0,3,male,2.0,3,1,21.075,S,Third,child,False,C,Southampton,no,False,1,1
9,1,3,female,27.0,0,2,11.1333,S,Third,woman,False,C,Southampton,yes,False,1,1
10,1,2,female,14.0,1,0,30.0708,C,Second,child,False,C,Cherbourg,yes,False,3,1
11,1,3,female,4.0,1,1,16.7,S,Third,child,False,G,Southampton,yes,False,1,1
12,1,1,female,58.0,0,0,26.55,S,First,woman,False,C,Southampton,yes,True,2,1
13,0,3,male,20.0,0,0,8.05,S,Third,man,True,C,Southampton,no,True,1,1
14,0,3,male,39.0,1,5,31.275,S,Third,man,True,C,Southampton,no,False,1,1
15,0,3,female,14.0,0,0,7.8542,S,Third,child,False,C,Southampton,no,True,1,1
16,1,2,female,55.0,0,0,16.0,S,Second,woman,False,C,Southampton,yes,True,3,1
17,0,3,male,2.0,4,1,29.125,Q,Third,child,False,C,Queenstown,no,False,1,1
18,1,2,male,30.72664459161148,0,0,13.0,S,Second,man,True,C,Southampton,yes,True,3,1
19,0,3,female,31.0,1,0,18.0,S,Third,woman,False,C,Southampton,no,False,1,1
20,1,3,female,27.915708812260537,0,0,7.225,C,Third,woman,False,C,Cherbourg,yes,True,1,1
21,0,2,male,35.0,0,0,26.0,S,Second,man,True,C,Southampton,no,True,3,1
22,1,2,male,34.0,0,0,13.0,S,Second,man,True,D,Southampton,yes,True,3,1
23,1,3,female,15.0,0,0,8.0292,Q,Third,child,False,C,Queenstown,yes,True,1,1
24,1,1,male,28.0,0,0,35.5,S,First,man,True,A,Southampton,yes,True,2,1
25,0,3,female,8.0,3,1,21.075,S,Third,child,False,C,Southampton,no,False,1,1
26,1,3,female,38.0,1,5,31.3875,S,Third,woman,False,C,Southampton,yes,False,1,1
27,0,3,male,30.72664459161148,0,0,7.225,C,Third,man,True,C,Cherbourg,no,True,1,1
28,0,1,male,19.0,3,2,263.0,S,First,man,True,C,Southampton,no,False,2,1
29,1,3,female,27.915708812260537,0,0,7.8792,Q,Third,woman,False,C,Queenstown,yes,True,1,1
30,0,3,male,30.72664459161148,0,0,7.8958,S,Third,man,True,C,Southampton,no,True,1,1
31,0,1,male,40.0,0,0,27.7208,C,First,man,True,C,Cherbourg,no,True,2,1
32,1,1,female,27.915708812260537,1,0,146.5208,C,First,woman,False,B,Cherbourg,yes,False,2,1
33,1,3,female,27.915708812260537,0,0,7.75,Q,Third,woman,False,C,Queenstown,yes,True,1,1
34,0,2,male,66.0,0,0,10.5,S,Second,man,True,C,Southampton,no,True,3,1
35,0,1,male,28.0,1,0,82.1708,C,First,man,True,C,Cherbourg,no,False,2,1
36,0,1,male,42.0,1,0,52.0,S,First,man,True,C,Southampton,no,False,2,1
37,1,3,male,30.72664459161148,0,0,7.2292,C,Third,man,True,C,Cherbourg,yes,True,1,1
38,0,3,male,21.0,0,0,8.05,S,Third,man,True,C,Southampton,no,True,1,1
39,0,3,female,18.0,2,0,18.0,S,Third,woman,False,C,Southampton,no,False,1,1
40,1,3,female,14.0,1,0,11.2417,C,Third,child,False,C,Cherbourg,yes,False,1,1
41,0,3,female,40.0,1,0,9.475,S,Third,woman,False,C,Southampton,no,False,1,1
42,0,2,female,27.0,1,0,21.0,S,Second,woman,False,C,Southampton,no,False,3,1
43,0,3,male,30.72664459161148,0,0,7.8958,C,Third,man,True,C,Cherbourg,no,True,1,1
44,1,2,female,3.0,1,2,41.5792,C,Second,child,False,C,Cherbourg,yes,False,3,1
45,1,3,female,19.0,0,0,7.8792,Q,Third,woman,False,C,Queenstown,yes,True,1,1
46,0,3,male,30.72664459161148,0,0,8.05,S,Third,man,True,C,Southampton,no,True,1,1
47,0,3,male,30.72664459161148,1,0,15.5,Q,Third,man,True,C,Queenstown,no,False,1,1
48,1,3,female,27.915708812260537,0,0,7.75,Q,Third,woman,False,C,Queenstown,yes,True,1,1
49,0,3,male,30.72664459161148,2,0,21.6792,C,Third,man,True,C,Cherbourg,no,False,1,1
50,0,3,female,18.0,1,0,17.8,S,Third,woman,False,C,Southampton,no,False,1,1
51,0,3,male,7.0,4,1,39.6875,S,Third,child,False,C,Southampton,no,False,1,1
52,0,3,male,21.0,0,0,7.8,S,Third,man,True,C,Southampton,no,True,1,1
53,1,1,female,49.0,1,0,76.7292,C,First,woman,False,D,Cherbourg,yes,False,2,1
54,1,2,female,29.0,1,0,26.0,S,Second,woman,False,C,Southampton,yes,False,3,1
55,0,1,male,65.0,0,1,61.9792,C,First,man,True,B,Cherbourg,no,False,2,1
56,1,1,male,30.72664459161148,0,0,35.5,S,First,man,True,C,Southampton,yes,True,2,1
57,1,2,female,21.0,0,0,10.5,S,Second,woman,False,C,Southampton,yes,True,3,1
58,0,3,male,28.5,0,0,7.2292,C,Third,man,True,C,Cherbourg,no,True,1,1
59,1,2,female,5.0,1,2,27.75,S,Second,child,False,C,Southampton,yes,False,3,1
60,0,3,male,11.0,5,2,46.9,S,Third,child,False,C,Southampton,no,False,1,1
61,0,3,male,22.0,0,0,7.2292,C,Third,man,True,C,Cherbourg,no,True,1,1
62,1,1,female,38.0,0,0,80.0,S,First,woman,False,B,Southampton,yes,True,2,1
63,0,1,male,45.0,1,0,83.475,S,First,man,True,C,Southampton,no,False,2,1
64,0,3,male,4.0,3,2,27.9,S,Third,child,False,C,Southampton,no,False,1,1
65,0,1,male,30.72664459161148,0,0,27.7208,C,First,man,True,C,Cherbourg,no,True,2,1
66,1,3,male,30.72664459161148,1,1,15.2458,C,Third,man,True,C,Cherbourg,yes,False,1,1
67,1,2,female,29.0,0,0,10.5,S,Second,woman,False,F,Southampton,yes,True,3,1
68,0,3,male,19.0,0,0,8.1583,S,Third,man,True,C,Southampton,no,True,1,1
69,1,3,female,17.0,4,2,7.925,S,Third,woman,False,C,Southampton,yes,False,1,1
70,0,3,male,26.0,2,0,8.6625,S,Third,man,True,C,Southampton,no,False,1,1
71,0,2,male,32.0,0,0,10.5,S,Second,man,True,C,Southampton,no,True,3,1
72,0,3,female,16.0,5,2,46.9,S,Third,woman,False,C,Southampton,no,False,1,1
73,0,2,male,21.0,0,0,73.5,S,Second,man,True,C,Southampton,no,True,3,1
74,0,3,male,26.0,1,0,14.4542,C,Third,man,True,C,Cherbourg,no,False,1,1
75,1,3,male,32.0,0,0,56.4958,S,Third,man,True,C,Southampton,yes,True,1,1
76,0,3,male,25.0,0,0,7.65,S,Third,man,True,F,Southampton,no,True,1,1
77,0,3,male,30.72664459161148,0,0,7.8958,S,Third,man,True,C,Southampton,no,True,1,1
78,0,3,male,30.72664459161148,0,0,8.05,S,Third,man,True,C,Southampton,no,True,1,1
79,1,2,male,0.83,0,2,29.0,S,Second,child,False,C,Southampton,yes,False,3,1
80,1,3,female,30.0,0,0,12.475,S,Third,woman,False,C,Southampton,yes,True,1,1
81,0,3,male,22.0,0,0,9.0,S,Third,man,True,C,Southampton,no,True,1,1
82,1,3,male,29.0,0,0,9.5,S,Third,man,True,C,Southampton,yes,True,1,1
83,1,3,female,27.915708812260537,0,0,7.7875,Q,Third,woman,False,C,Queenstown,yes,True,1,1
84,0,1,male,28.0,0,0,47.1,S,First,man,True,C,Southampton,no,True,2,1
85,1,2,female,17.0,0,0,10.5,S,Second,woman,False,C,Southampton,yes,True,3,1
86,1,3,female,33.0,3,0,15.85,S,Third,woman,False,C,Southampton,yes,False,1,1
87,0,3,male,16.0,1,3,34.375,S,Third,man,True,C,Southampton,no,False,1,1
88,0,3,male,30.72664459161148,0,0,8.05,S,Third,man,True,C,Southampton,no,True,1,1
89,1,1,female,23.0,3,2,263.0,S,First,woman,False,C,Southampton,yes,False,2,1
90,0,3,male,24.0,0,0,8.05,S,Third,man,True,C,Southampton,no,True,1,1
91,0,3,male,29.0,0,0,8.05,S,Third,man,True,C,Southampton,no,True,1,1
92,0,3,male,20.0,0,0,7.8542,S,Third,man,True,C,Southampton,no,True,1,1
93,0,1,male,46.0,1,0,61.175,S,First,man,True,E,Southampton,no,False,2,1
94,0,3,male,26.0,1,2,20.575,S,Third,man,True,C,Southampton,no,False,1,1
95,0,3,male,59.0,0,0,7.25,S,Third,man,True,C,Southampton,no,True,1,1
96,0,3,male,30.72664459161148,0,0,8.05,S,Third,man,True,C,Southampton,no,True,1,1
97,0,1,male,71.0,0,0,34.6542,C,First,man,True,A,Cherbourg,no,True,2,1
98,1,1,male,23.0,0,1,63.3583,C,First,man,True,D,Cherbourg,yes,False,2,1
99,1,2,female,34.0,0,1,23.0,S,Second,woman,False,C,Southampton,yes,False,3,1
100,0,2,male,34.0,1,0,26.0,S,Second,man,True,C,Southampton,no,False,3,1
101,0,3,female,28.0,0,0,7.8958,S,Third,woman,False,C,Southampton,no,True,1,1
102,0,3,male,30.72664459161148,0,0,7.8958,S,Third,man,True,C,Southampton,no,True,1,1
103,0,1,male,21.0,0,1,77.2875,S,First,man,True,D,Southampton,no,False,2,1
104,0,3,male,33.0,0,0,8.6542,S,Third,man,True,C,Southampton,no,True,1,1
105,0,3,male,37.0,2,0,7.925,S,Third,man,True,C,Southampton,no,False,1,1
106,0,3,male,28.0,0,0,7.8958,S,Third,man,True,C,Southampton,no,True,1,1
107,1,3,female,21.0,0,0,7.65,S,Third,woman,False,C,Southampton,yes,True,1,1
108,1,3,male,30.72664459161148,0,0,7.775,S,Third,man,True,C,Southampton,yes,True,1,1
109,0,3,male,38.0,0,0,7.8958,S,Third,man,True,C,Southampton,no,True,1,1
110,1,3,female,27.915708812260537,1,0,24.15,Q,Third,woman,False,C,Queenstown,yes,False,1,1
111,0,1,male,47.0,0,0,52.0,S,First,man,True,C,Southampton,no,True,2,1
112,0,3,female,14.5,1,0,14.4542,C,Third,child,False,C,Cherbourg,no,False,1,1
113,0,3,male,22.0,0,0,8.05,S,Third,man,True,C,Southampton,no,True,1,1
114,0,3,female,20.0,1,0,9.825,S,Third,woman,False,C,Southampton,no,False,1,1
115,0,3,female,17.0,0,0,14.4583,C,Third,woman,False,C,Cherbourg,no,True,1,1
116,0,3,male,21.0,0,0,7.925,S,Third,man,True,C,Southampton,no,True,1,1
117,0,3,male,70.5,0,0,7.75,Q,Third,man,True,C,Queenstown,no,True,1,1
118,0,2,male,29.0,1,0,21.0,S,Second,man,True,C,Southampton,no,False,3,1
119,0,1,male,24.0,0,1,247.5208,C,First,man,True,B,Cherbourg,no,False,2,1
120,0,3,female,2.0,4,2,31.275,S,Third,child,False,C,Southampton,no,False,1,1
121,0,2,male,21.0,2,0,73.5,S,Second,man,True,C,Southampton,no,False,3,1
122,0,3,male,30.72664459161148,0,0,8.05,S,Third,man,True,C,Southampton,no,True,1,1
123,0,2,male,32.5,1,0,30.0708,C,Second,man,True,C,Cherbourg,no,False,3,1
124,1,2,female,32.5,0,0,13.0,S,Second,woman,False,E,Southampton,yes,True,3,1
125,0,1,male,54.0,0,1,77.2875,S,First,man,True,D,Southampton,no,False,2,1
126,1,3,male,12.0,1,0,11.2417,C,Third,child,False,C,Cherbourg,yes,False,1,1
127,0,3,male,30.72664459161148,0,0,7.75,Q,Third,man,True,C,Queenstown,no,True,1,1
128,1,3,male,24.0,0,0,7.1417,S,Third,man,True,C,Southampton,yes,True,1,1
129,1,3,female,27.915708812260537,1,1,22.3583,C,Third,woman,False,F,Cherbourg,yes,False,1,1
130,0,3,male,45.0,0,0,6.975,S,Third,man,True,C,Southampton,no,True,1,1
131,0,3,male,33.0,0,0,7.8958,C,Third,man,True,C,Cherbourg,no,True,1,1
132,0,3,male,20.0,0,0,7.05,S,Third,man,True,C,Southampton,no,True,1,1
133,0,3,female,47.0,1,0,14.5,S,Third,woman,False,C,Southampton,no,False,1,1
134,1,2,female,29.0,1,0,26.0,S,Second,woman,False,C,Southampton,yes,False,3,1
135,0,2,male,25.0,0,0,13.0,S,Second,man,True,C,Southampton,no,True,3,1
136,0,2,male,23.0,0,0,15.0458,C,Second,man,True,C,Cherbourg,no,True,3,1
137,1,1,female,19.0,0,2,26.2833,S,First,woman,False,D,Southampton,yes,False,2,1
138,0,1,male,37.0,1,0,53.1,S,First,man,True,C,Southampton,no,False,2,1
139,0,3,male,16.0,0,0,9.2167,S,Third,man,True,C,Southampton,no,True,1,1
140,0,1,male,24.0,0,0,79.2,C,First,man,True,B,Cherbourg,no,True,2,1
141,0,3,female,27.915708812260537,0,2,15.2458,C,Third,woman,False,C,Cherbourg,no,False,1,1
142,1,3,female,22.0,0,0,7.75,S,Third,woman,False,C,Southampton,yes,True,1,1
143,1,3,female,24.0,1,0,15.85,S,Third,woman,False,C,Southampton,yes,False,1,1
144,0,3,male,19.0,0,0,6.75,Q,Third,man,True,C,Queenstown,no,True,1,1
145,0,2,male,18.0,0,0,11.5,S,Second,man,True,C,Southampton,no,True,3,1
146,0,2,male,19.0,1,1,36.75,S,Second,man,True,C,Southampton,no,False,3,1
147,1,3,male,27.0,0,0,7.7958,S,Third,man,True,C,Southampton,yes,True,1,1
148,0,3,female,9.0,2,2,34.375,S,Third,child,False,C,Southampton,no,False,1,1
149,0,2,male,36.5,0,2,26.0,S,Second,man,True,F,Southampton,no,False,3,1
150,0,2,male,42.0,0,0,13.0,S,Second,man,True,C,Southampton,no,True,3,1
151,0,2,male,51.0,0,0,12.525,S,Second,man,True,C,Southampton,no,True,3,1
152,1,1,female,22.0,1,0,66.6,S,First,woman,False,C,Southampton,yes,False,2,1
153,0,3,male,55.5,0,0,8.05,S,Third,man,True,C,Southampton,no,True,1,1
154,0,3,male,40.5,0,2,14.5,S,Third,man,True,C,Southampton,no,False,1,1
155,0,3,male,30.72664459161148,0,0,7.3125,S,Third,man,True,C,Southampton,no,True,1,1
156,0,1,male,51.0,0,1,61.3792,C,First,man,True,C,Cherbourg,no,False,2,1
157,1,3,female,16.0,0,0,7.7333,Q,Third,woman,False,C,Queenstown,yes,True,1,1
158,0,3,male,30.0,0,0,8.05,S,Third,man,True,C,Southampton,no,True,1,1
159,0,3,male,30.72664459161148,0,0,8.6625,S,Third,man,True,C,Southampton,no,True,1,1
160,0,3,male,30.72664459161148,8,2,69.55,S,Third,man,True,C,Southampton,no,False,1,1
161,0,3,male,44.0,0,1,16.1,S,Third,man,True,C,Southampton,no,False,1,1
162,1,2,female,40.0,0,0,15.75,S,Second,woman,False,C,Southampton,yes,True,3,1
163,0,3,male,26.0,0,0,7.775,S,Third,man,True,C,Southampton,no,True,1,1
164,0,3,male,17.0,0,0,8.6625,S,Third,man,True,C,Southampton,no,True,1,1
165,0,3,male,1.0,4,1,39.6875,S,Third,child,False,C,Southampton,no,False,1,1
166,1,3,male,9.0,0,2,20.525,S,Third,child,False,C,Southampton,yes,False,1,1
167,1,1,female,27.915708812260537,0,1,55.0,S,First,woman,False,E,Southampton,yes,False,2,1
168,0,3,female,45.0,1,4,27.9,S,Third,woman,False,C,Southampton,no,False,1,1
169,0,1,male,30.72664459161148,0,0,25.925,S,First,man,True,C,Southampton,no,True,2,1
170,0,3,male,28.0,0,0,56.4958,S,Third,man,True,C,Southampton,no,True,1,1
171,0,1,male,61.0,0,0,33.5,S,First,man,True,B,Southampton,no,True,2,1
172,0,3,male,4.0,4,1,29.125,Q,Third,child,False,C,Queenstown,no,False,1,1
173,1,3,female,1.0,1,1,11.1333,S,Third,child,False,C,Southampton,yes,False,1,1
174,0,3,male,21.0,0,0,7.925,S,Third,man,True,C,Southampton,no,True,1,1
175,0,1,male,56.0,0,0,30.6958,C,First,man,True,A,Cherbourg,no,True,2,1
176,0,3,male,18.0,1,1,7.8542,S,Third,man,True,C,Southampton,no,False,1,1
177,0,3,male,30.72664459161148,3,1,25.4667,S,Third,man,True,C,Southampton,no,False,1,1
178,0,1,female,50.0,0,0,28.7125,C,First,woman,False,C,Cherbourg,no,True,2,1
179,0,2,male,30.0,0,0,13.0,S,Second,man,True,C,Southampton,no,True,3,1
180,0,3,male,36.0,0,0,0.0,S,Third,man,True,C,Southampton,no,True,1,1
181,0,3,female,27.915708812260537,8,2,69.55,S,Third,woman,False,C,Southampton,no,False,1,1
182,0,2,male,30.72664459161148,0,0,15.05,C,Second,man,True,C,Cherbourg,no,True,3,1
183,0,3,male,9.0,4,2,31.3875,S,Third,child,False,C,Southampton,no,False,1,1
184,1,2,male,1.0,2,1,39.0,S,Second,child,False,F,Southampton,yes,False,3,1
185,1,3,female,4.0,0,2,22.025,S,Third,child,False,C,Southampton,yes,False,1,1
186,0,1,male,30.72664459161148,0,0,50.0,S,First,man,True,A,Southampton,no,True,2,1
187,1,3,female,27.915708812260537,1,0,15.5,Q,Third,woman,False,C,Queenstown,yes,False,1,1
188,1,1,male,45.0,0,0,26.55,S,First,man,True,C,Southampton,yes,True,2,1
189,0,3,male,40.0,1,1,15.5,Q,Third,man,True,C,Queenstown,no,False,1,1
190,0,3,male,36.0,0,0,7.8958,S,Third,man,True,C,Southampton,no,True,1,1
191,1,2,female,32.0,0,0,13.0,S,Second,woman,False,C,Southampton,yes,True,3,1
192,0,2,male,19.0,0,0,13.0,S,Second,man,True,C,Southampton,no,True,3,1
193,1,3,female,19.0,1,0,7.8542,S,Third,woman,False,C,Southampton,yes,False,1,1
194,1,2,male,3.0,1,1,26.0,S,Second,child,False,F,Southampton,yes,False,3,1
195,1,1,female,44.0,0,0,27.7208,C,First,woman,False,B,Cherbourg,yes,True,2,1
196,1,1,female,58.0,0,0,146.5208,C,First,woman,False,B,Cherbourg,yes,True,2,1
197,0,3,male,30.72664459161148,0,0,7.75,Q,Third,man,True,C,Queenstown,no,True,1,1
198,0,3,male,42.0,0,1,8.4042,S,Third,man,True,C,Southampton,no,False,1,1
199,1,3,female,27.915708812260537,0,0,7.75,Q,Third,woman,False,C,Queenstown,yes,True,1,1
200,0,2,female,24.0,0,0,13.0,S,Second,woman,False,C,Southampton,no,True,3,1
201,0,3,male,28.0,0,0,9.5,S,Third,man,True,C,Southampton,no,True,1,1
202,0,3,male,30.72664459161148,8,2,69.55,S,Third,man,True,C,Southampton,no,False,1,1
203,0,3,male,34.0,0,0,6.4958,S,Third,man,True,C,Southampton,no,True,1,1
204,0,3,male,45.5,0,0,7.225,C,Third,man,True,C,Cherbourg,no,True,1,1
205,1,3,male,18.0,0,0,8.05,S,Third,man,True,C,Southampton,yes,True,1,1
206,0,3,female,2.0,0,1,10.4625,S,Third,child,False,G,Southampton,no,False,1,1
207,0,3,male,32.0,1,0,15.85,S,Third,man,True,C,Southampton,no,False,1,1
208,1,3,male,26.0,0,0,18.7875,C,Third,man,True,C,Cherbourg,yes,True,1,1
209,1,3,female,16.0,0,0,7.75,Q,Third,woman,False,C,Queenstown,yes,True,1,1
210,1,1,male,40.0,0,0,31.0,C,First,man,True,A,Cherbourg,yes,True,2,1
211,0,3,male,24.0,0,0,7.05,S,Third,man,True,C,Southampton,no,True,1,1
212,1,2,female,35.0,0,0,21.0,S,Second,woman,False,C,Southampton,yes,True,3,1
213,0,3,male,22.0,0,0,7.25,S,Third,man,True,C,Southampton,no,True,1,1
214,0,2,male,30.0,0,0,13.0,S,Second,man,True,C,Southampton,no,True,3,1
215,0,3,male,30.72664459161148,1,0,7.75,Q,Third,man,True,C,Queenstown,no,False,1,1
216,1,1,female,31.0,1,0,113.275,C,First,woman,False,D,Cherbourg,yes,False,2,1
217,1,3,female,27.0,0,0,7.925,S,Third,woman,False,C,Southampton,yes,True,1,1
218,0,2,male,42.0,1,0,27.0,S,Second,man,True,C,Southampton,no,False,3,1
219,1,1,female,32.0,0,0,76.2917,C,First,woman,False,D,Cherbourg,yes,True,2,1
220,0,2,male,30.0,0,0,10.5,S,Second,man,True,C,Southampton,no,True,3,1
221,1,3,male,16.0,0,0,8.05,S,Third,man,True,C,Southampton,yes,True,1,1
222,0,2,male,27.0,0,0,13.0,S,Second,man,True,C,Southampton,no,True,3,1
223,0,3,male,51.0,0,0,8.05,S,Third,man,True,C,Southampton,no,True,1,1
224,0,3,male,30.72664459161148,0,0,7.8958,S,Third,man,True,C,Southampton,no,True,1,1
225,1,1,male,38.0,1,0,90.0,S,First,man,True,C,Southampton,yes,False,2,1
226,0,3,male,22.0,0,0,9.35,S,Third,man,True,C,Southampton,no,True,1,1
227,1,2,male,19.0,0,0,10.5,S,Second,man,True,C,Southampton,yes,True,3,1
228,0,3,male,20.5,0,0,7.25,S,Third,man,True,C,Southampton,no,True,1,1
229,0,2,male,18.0,0,0,13.0,S,Second,man,True,C,Southampton,no,True,3,1
230,0,3,female,27.915708812260537,3,1,25.4667,S,Third,woman,False,C,Southampton,no,False,1,1
231,1,1,female,35.0,1,0,83.475,S,First,woman,False,C,Southampton,yes,False,2,1
232,0,3,male,29.0,0,0,7.775,S,Third,man,True,C,Southampton,no,True,1,1
233,0,2,male,59.0,0,0,13.5,S,Second,man,True,C,Southampton,no,True,3,1
234,1,3,female,5.0,4,2,31.3875,S,Third,child,False,C,Southampton,yes,False,1,1
235,0,2,male,24.0,0,0,10.5,S,Second,man,True,C,Southampton,no,True,3,1
236,0,3,female,27.915708812260537,0,0,7.55,S,Third,woman,False,C,Southampton,no,True,1,1
237,0,2,male,44.0,1,0,26.0,S,Second,man,True,C,Southampton,no,False,3,1
238,1,2,female,8.0,0,2,26.25,S,Second,child,False,C,Southampton,yes,False,3,1
239,0,2,male,19.0,0,0,10.5,S,Second,man,True,C,Southampton,no,True,3,1
240,0,2,male,33.0,0,0,12.275,S,Second,man,True,C,Southampton,no,True,3,1
241,0,3,female,27.915708812260537,1,0,14.4542,C,Third,woman,False,C,Cherbourg,no,False,1,1
242,1,3,female,27.915708812260537,1,0,15.5,Q,Third,woman,False,C,Queenstown,yes,False,1,1
243,0,2,male,29.0,0,0,10.5,S,Second,man,True,C,Southampton,no,True,3,1
244,0,3,male,22.0,0,0,7.125,S,Third,man,True,C,Southampton,no,True,1,1
245,0,3,male,30.0,0,0,7.225,C,Third,man,True,C,Cherbourg,no,True,1,1
246,0,1,male,44.0,2,0,90.0,Q,First,man,True,C,Queenstown,no,False,2,1
247,0,3,female,25.0,0,0,7.775,S,Third,woman,False,C,Southampton,no,True,1,1
248,1,2,female,24.0,0,2,14.5,S,Second,woman,False,C,Southampton,yes,False,3,1
249,1,1,male,37.0,1,1,52.5542,S,First,man,True,D,Southampton,yes,False,2,1
250,0,2,male,54.0,1,0,26.0,S,Second,man,True,C,Southampton,no,False,3,1
251,0,3,male,30.72664459161148,0,0,7.25,S,Third,man,True,C,Southampton,no,True,1,1
252,0,3,female,29.0,1,1,10.4625,S,Third,woman,False,G,Southampton,no,False,1,1
253,0,1,male,62.0,0,0,26.55,S,First,man,True,C,Southampton,no,True,2,1
254,0,3,male,30.0,1,0,16.1,S,Third,man,True,C,Southampton,no,False,1,1
255,0,3,female,41.0,0,2,20.2125,S,Third,woman,False,C,Southampton,no,False,1,1
256,1,3,female,29.0,0,2,15.2458,C,Third,woman,False,C,Cherbourg,yes,False,1,1
257,1,1,female,27.915708812260537,0,0,79.2,C,First,woman,False,C,Cherbourg,yes,True,2,1
258,1,1,female,30.0,0,0,86.5,S,First,woman,False,B,Southampton,yes,True,2,1
259,1,1,female,35.0,0,0,512.3292,C,First,woman,False,C,Cherbourg,yes,True,2,1
260,1,2,female,50.0,0,1,26.0,S,Second,woman,False,C,Southampton,yes,False,3,1
261,0,3,male,30.72664459161148,0,0,7.75,Q,Third,man,True,C,Queenstown,no,True,1,1
262,1,3,male,3.0,4,2,31.3875,S,Third,child,False,C,Southampton,yes,False,1,1
263,0,1,male,52.0,1,1,79.65,S,First,man,True,E,Southampton,no,False,2,1
264,0,1,male,40.0,0,0,0.0,S,First,man,True,B,Southampton,no,True,2,1
265,0,3,female,27.915708812260537,0,0,7.75,Q,Third,woman,False,C,Queenstown,no,True,1,1
266,0,2,male,36.0,0,0,10.5,S,Second,man,True,C,Southampton,no,True,3,1
267,0,3,male,16.0,4,1,39.6875,S,Third,man,True,C,Southampton,no,False,1,1
268,1,3,male,25.0,1,0,7.775,S,Third,man,True,C,Southampton,yes,False,1,1
269,1,1,female,58.0,0,1,153.4625,S,First,woman,False,C,Southampton,yes,False,2,1
270,1,1,female,35.0,0,0,135.6333,S,First,woman,False,C,Southampton,yes,True,2,1
271,0,1,male,30.72664459161148,0,0,31.0,S,First,man,True,C,Southampton,no,True,2,1
272,1,3,male,25.0,0,0,0.0,S,Third,man,True,C,Southampton,yes,True,1,1
273,1,2,female,41.0,0,1,19.5,S,Second,woman,False,C,Southampton,yes,False,3,1
274,0,1,male,37.0,0,1,29.7,C,First,man,True,C,Cherbourg,no,False,2,1
275,1,3,female,27.915708812260537,0,0,7.75,Q,Third,woman,False,C,Queenstown,yes,True,1,1
276,1,1,female,63.0,1,0,77.9583,S,First,woman,False,D,Southampton,yes,False,2,1
277,0,3,female,45.0,0,0,7.75,S,Third,woman,False,C,Southampton,no,True,1,1
278,0,2,male,30.72664459161148,0,0,0.0,S,Second,man,True,C,Southampton,no,True,3,1
279,0,3,male,7.0,4,1,29.125,Q,Third,child,False,C,Queenstown,no,False,1,1
280,1,3,female,35.0,1,1,20.25,S,Third,woman,False,C,Southampton,yes,False,1,1
281,0,3,male,65.0,0,0,7.75,Q,Third,man,True,C,Queenstown,no,True,1,1
282,0,3,male,28.0,0,0,7.8542,S,Third,man,True,C,Southampton,no,True,1,1
283,0,3,male,16.0,0,0,9.5,S,Third,man,True,C,Southampton,no,True,1,1
284,1,3,male,19.0,0,0,8.05,S,Third,man,True,C,Southampton,yes,True,1,1
285,0,1,male,30.72664459161148,0,0,26.0,S,First,man,True,A,Southampton,no,True,2,1
286,0,3,male,33.0,0,0,8.6625,C,Third,man,True,C,Cherbourg,no,True,1,1
287,1,3,male,30.0,0,0,9.5,S,Third,man,True,C,Southampton,yes,True,1,1
288,0,3,male,22.0,0,0,7.8958,S,Third,man,True,C,Southampton,no,True,1,1
289,1,2,male,42.0,0,0,13.0,S,Second,man,True,C,Southampton,yes,True,3,1
290,1,3,female,22.0,0,0,7.75,Q,Third,woman,False,C,Queenstown,yes,True,1,1
291,1,1,female,26.0,0,0,78.85,S,First,woman,False,C,Southampton,yes,True,2,1
292,1,1,female,19.0,1,0,91.0792,C,First,woman,False,B,Cherbourg,yes,False,2,1
293,0,2,male,36.0,0,0,12.875,C,Second,man,True,D,Cherbourg,no,True,3,1
294,0,3,female,24.0,0,0,8.85,S,Third,woman,False,C,Southampton,no,True,1,1
295,0,3,male,24.0,0,0,7.8958,S,Third,man,True,C,Southampton,no,True,1,1
296,0,1,male,30.72664459161148,0,0,27.7208,C,First,man,True,C,Cherbourg,no,True,2,1
297,0,3,male,23.5,0,0,7.2292,C,Third,man,True,C,Cherbourg,no,True,1,1
298,0,1,female,2.0,1,2,151.55,S,First,child,False,C,Southampton,no,False,2,1
299,1,1,male,30.72664459161148,0,0,30.5,S,First,man,True,C,Southampton,yes,True,2,1
300,1,1,female,50.0,0,1,247.5208,C,First,woman,False,B,Cherbourg,yes,False,2,1
301,1,3,female,27.915708812260537,0,0,7.75,Q,Third,woman,False,C,Queenstown,yes,True,1,1
302,1,3,male,30.72664459161148,2,0,23.25,Q,Third,man,True,C,Queenstown,yes,False,1,1
303,0,3,male,19.0,0,0,0.0,S,Third,man,True,C,Southampton,no,True,1,1
304,1,2,female,27.915708812260537,0,0,12.35,Q,Second,woman,False,E,Queenstown,yes,True,3,1
305,0,3,male,30.72664459161148,0,0,8.05,S,Third,man,True,C,Southampton,no,True,1,1
306,1,1,male,0.92,1,2,151.55,S,First,child,False,C,Southampton,yes,False,2,1
307,1,1,female,27.915708812260537,0,0,110.8833,C,First,woman,False,C,Cherbourg,yes,True,2,1
308,1,1,female,17.0,1,0,108.9,C,First,woman,False,C,Cherbourg,yes,False,2,1
309,0,2,male,30.0,1,0,24.0,C,Second,man,True,C,Cherbourg,no,False,3,1
310,1,1,female,30.0,0,0,56.9292,C,First,woman,False,E,Cherbourg,yes,True,2,1
311,1,1,female,24.0,0,0,83.1583,C,First,woman,False,C,Cherbourg,yes,True,2,1
312,1,1,female,18.0,2,2,262.375,C,First,woman,False,B,Cherbourg,yes,False,2,1
313,0,2,female,26.0,1,1,26.0,S,Second,woman,False,C,Southampton,no,False,3,1
314,0,3,male,28.0,0,0,7.8958,S,Third,man,True,C,Southampton,no,True,1,1
315,0,2,male,43.0,1,1,26.25,S,Second,man,True,C,Southampton,no,False,3,1
316,1,3,female,26.0,0,0,7.8542,S,Third,woman,False,C,Southampton,yes,True,1,1
317,1,2,female,24.0,1,0,26.0,S,Second,woman,False,C,Southampton,yes,False,3,1
318,0,2,male,54.0,0,0,14.0,S,Second,man,True,C,Southampton,no,True,3,1
319,1,1,female,31.0,0,2,164.8667,S,First,woman,False,C,Southampton,yes,False,2,1
320,1,1,female,40.0,1,1,134.5,C,First,woman,False,E,Cherbourg,yes,False,2,1
321,0,3,male,22.0,0,0,7.25,S,Third,man,True,C,Southampton,no,True,1,1
322,0,3,male,27.0,0,0,7.8958,S,Third,man,True,C,Southampton,no,True,1,1
323,1,2,female,30.0,0,0,12.35,Q,Second,woman,False,C,Queenstown,yes,True,3,1
324,1,2,female,22.0,1,1,29.0,S,Second,woman,False,C,Southampton,yes,False,3,1
325,0,3,male,30.72664459161148,8,2,69.55,S,Third,man,True,C,Southampton,no,False,1,1
326,1,1,female,36.0,0,0,135.6333,C,First,woman,False,C,Cherbourg,yes,True,2,1
327,0,3,male,61.0,0,0,6.2375,S,Third,man,True,C,Southampton,no,True,1,1
328,1,2,female,36.0,0,0,13.0,S,Second,woman,False,D,Southampton,yes,True,3,1
329,1,3,female,31.0,1,1,20.525,S,Third,woman,False,C,Southampton,yes,False,1,1
330,1,1,female,16.0,0,1,57.9792,C,First,woman,False,B,Cherbourg,yes,False,2,1
331,1,3,female,27.915708812260537,2,0,23.25,Q,Third,woman,False,C,Queenstown,yes,False,1,1
332,0,1,male,45.5,0,0,28.5,S,First,man,True,C,Southampton,no,True,2,1
333,0,1,male,38.0,0,1,153.4625,S,First,man,True,C,Southampton,no,False,2,1
334,0,3,male,16.0,2,0,18.0,S,Third,man,True,C,Southampton,no,False,1,1
335,1,1,female,27.915708812260537,1,0,133.65,S,First,woman,False,C,Southampton,yes,False,2,1
336,0,3,male,30.72664459161148,0,0,7.8958,S,Third,man,True,C,Southampton,no,True,1,1
337,0,1,male,29.0,1,0,66.6,S,First,man,True,C,Southampton,no,False,2,1
338,1,1,female,41.0,0,0,134.5,C,First,woman,False,E,Cherbourg,yes,True,2,1
339,1,3,male,45.0,0,0,8.05,S,Third,man,True,C,Southampton,yes,True,1,1
340,0,1,male,45.0,0,0,35.5,S,First,man,True,C,Southampton,no,True,2,1
341,1,2,male,2.0,1,1,26.0,S,Second,child,False,F,Southampton,yes,False,3,1
342,1,1,female,24.0,3,2,263.0,S,First,woman,False,C,Southampton,yes,False,2,1
343,0,2,male,28.0,0,0,13.0,S,Second,man,True,C,Southampton,no,True,3,1
344,0,2,male,25.0,0,0,13.0,S,Second,man,True,C,Southampton,no,True,3,1
345,0,2,male,36.0,0,0,13.0,S,Second,man,True,C,Southampton,no,True,3,1
346,1,2,female,24.0,0,0,13.0,S,Second,woman,False,F,Southampton,yes,True,3,1
347,1,2,female,40.0,0,0,13.0,S,Second,woman,False,C,Southampton,yes,True,3,1
348,1,3,female,27.915708812260537,1,0,16.1,S,Third,woman,False,C,Southampton,yes,False,1,1
349,1,3,male,3.0,1,1,15.9,S,Third,child,False,C,Southampton,yes,False,1,1
350,0,3,male,42.0,0,0,8.6625,S,Third,man,True,C,Southampton,no,True,1,1
351,0,3,male,23.0,0,0,9.225,S,Third,man,True,C,Southampton,no,True,1,1
352,0,1,male,30.72664459161148,0,0,35.0,S,First,man,True,C,Southampton,no,True,2,1
353,0,3,male,15.0,1,1,7.2292,C,Third,child,False,C,Cherbourg,no,False,1,1
354,0,3,male,25.0,1,0,17.8,S,Third,man,True,C,Southampton,no,False,1,1
355,0,3,male,30.72664459161148,0,0,7.225,C,Third,man,True,C,Cherbourg,no,True,1,1
356,0,3,male,28.0,0,0,9.5,S,Third,man,True,C,Southampton,no,True,1,1
357,1,1,female,22.0,0,1,55.0,S,First,woman,False,E,Southampton,yes,False,2,1
358,0,2,female,38.0,0,0,13.0,S,Second,woman,False,C,Southampton,no,True,3,1
359,1,3,female,27.915708812260537,0,0,7.8792,Q,Third,woman,False,C,Queenstown,yes,True,1,1
360,1,3,female,27.915708812260537,0,0,7.8792,Q,Third,woman,False,C,Queenstown,yes,True,1,1
361,0,3,male,40.0,1,4,27.9,S,Third,man,True,C,Southampton,no,False,1,1
362,0,2,male,29.0,1,0,27.7208,C,Second,man,True,C,Cherbourg,no,False,3,1
363,0,3,female,45.0,0,1,14.4542,C,Third,woman,False,C,Cherbourg,no,False,1,1
364,0,3,male,35.0,0,0,7.05,S,Third,man,True,C,Southampton,no,True,1,1
365,0,3,male,30.72664459161148,1,0,15.5,Q,Third,man,True,C,Queenstown,no,False,1,1
366,0,3,male,30.0,0,0,7.25,S,Third,man,True,C,Southampton,no,True,1,1
367,1,1,female,60.0,1,0,75.25,C,First,woman,False,D,Cherbourg,yes,False,2,1
368,1,3,female,27.915708812260537,0,0,7.2292,C,Third,woman,False,C,Cherbourg,yes,True,1,1
369,1,3,female,27.915708812260537,0,0,7.75,Q,Third,woman,False,C,Queenstown,yes,True,1,1
370,1,1,female,24.0,0,0,69.3,C,First,woman,False,B,Cherbourg,yes,True,2,1
371,1,1,male,25.0,1,0,55.4417,C,First,man,True,E,Cherbourg,yes,False,2,1
372,0,3,male,18.0,1,0,6.4958,S,Third,man,True,C,Southampton,no,False,1,1
373,0,3,male,19.0,0,0,8.05,S,Third,man,True,C,Southampton,no,True,1,1
374,0,1,male,22.0,0,0,135.6333,C,First,man,True,C,Cherbourg,no,True,2,1
375,0,3,female,3.0,3,1,21.075,S,Third,child,False,C,Southampton,no,False,1,1
376,1,1,female,27.915708812260537,1,0,82.1708,C,First,woman,False,C,Cherbourg,yes,False,2,1
377,1,3,female,22.0,0,0,7.25,S,Third,woman,False,C,Southampton,yes,True,1,1
378,0,1,male,27.0,0,2,211.5,C,First,man,True,C,Cherbourg,no,False,2,1
379,0,3,male,20.0,0,0,4.0125,C,Third,man,True,C,Cherbourg,no,True,1,1
380,0,3,male,19.0,0,0,7.775,S,Third,man,True,C,Southampton,no,True,1,1
381,1,1,female,42.0,0,0,227.525,C,First,woman,False,C,Cherbourg,yes,True,2,1
382,1,3,female,1.0,0,2,15.7417,C,Third,child,False,C,Cherbourg,yes,False,1,1
383,0,3,male,32.0,0,0,7.925,S,Third,man,True,C,Southampton,no,True,1,1
384,1,1,female,35.0,1,0,52.0,S,First,woman,False,C,Southampton,yes,False,2,1
385,0,3,male,30.72664459161148,0,0,7.8958,S,Third,man,True,C,Southampton,no,True,1,1
386,0,2,male,18.0,0,0,73.5,S,Second,man,True,C,Southampton,no,True,3,1
387,0,3,male,1.0,5,2,46.9,S,Third,child,False,C,Southampton,no,False,1,1
388,1,2,female,36.0,0,0,13.0,S,Second,woman,False,C,Southampton,yes,True,3,1
389,0,3,male,30.72664459161148,0,0,7.7292,Q,Third,man,True,C,Queenstown,no,True,1,1
390,1,2,female,17.0,0,0,12.0,C,Second,woman,False,C,Cherbourg,yes,True,3,1
391,1,1,male,36.0,1,2,120.0,S,First,man,True,B,Southampton,yes,False,2,1
392,1,3,male,21.0,0,0,7.7958,S,Third,man,True,C,Southampton,yes,True,1,1
393,0,3,male,28.0,2,0,7.925,S,Third,man,True,C,Southampton,no,False,1,1
394,1,1,female,23.0,1,0,113.275,C,First,woman,False,D,Cherbourg,yes,False,2,1
395,1,3,female,24.0,0,2,16.7,S,Third,woman,False,G,Southampton,yes,False,1,1
396,0,3,male,22.0,0,0,7.7958,S,Third,man,True,C,Southampton,no,True,1,1
397,0,3,female,31.0,0,0,7.8542,S,Third,woman,False,C,Southampton,no,True,1,1
398,0,2,male,46.0,0,0,26.0,S,Second,man,True,C,Southampton,no,True,3,1
399,0,2,male,23.0,0,0,10.5,S,Second,man,True,C,Southampton,no,True,3,1
400,1,2,female,28.0,0,0,12.65,S,Second,woman,False,C,Southampton,yes,True,3,1
401,1,3,male,39.0,0,0,7.925,S,Third,man,True,C,Southampton,yes,True,1,1
402,0,3,male,26.0,0,0,8.05,S,Third,man,True,C,Southampton,no,True,1,1
403,0,3,female,21.0,1,0,9.825,S,Third,woman,False,C,Southampton,no,False,1,1
404,0,3,male,28.0,1,0,15.85,S,Third,man,True,C,Southampton,no,False,1,1
405,0,3,female,20.0,0,0,8.6625,S,Third,woman,False,C,Southampton,no,True,1,1
406,0,2,male,34.0,1,0,21.0,S,Second,man,True,C,Southampton,no,False,3,1
407,0,3,male,51.0,0,0,7.75,S,Third,man,True,C,Southampton,no,True,1,1
408,1,2,male,3.0,1,1,18.75,S,Second,child,False,C,Southampton,yes,False,3,1
409,0,3,male,21.0,0,0,7.775,S,Third,man,True,C,Southampton,no,True,1,1
410,0,3,female,27.915708812260537,3,1,25.4667,S,Third,woman,False,C,Southampton,no,False,1,1
411,0,3,male,30.72664459161148,0,0,7.8958,S,Third,man,True,C,Southampton,no,True,1,1
412,0,3,male,30.72664459161148,0,0,6.8583,Q,Third,man,True,C,Queenstown,no,True,1,1
413,1,1,female,33.0,1,0,90.0,Q,First,woman,False,C,Queenstown,yes,False,2,1
414,0,2,male,30.72664459161148,0,0,0.0,S,Second,man,True,C,Southampton,no,True,3,1
415,1,3,male,44.0,0,0,7.925,S,Third,man,True,C,Southampton,yes,True,1,1
416,0,3,female,27.915708812260537,0,0,8.05,S,Third,woman,False,C,Southampton,no,True,1,1
417,1,2,female,34.0,1,1,32.5,S,Second,woman,False,C,Southampton,yes,False,3,1
418,1,2,female,18.0,0,2,13.0,S,Second,woman,False,C,Southampton,yes,False,3,1
419,0,2,male,30.0,0,0,13.0,S,Second,man,True,C,Southampton,no,True,3,1
420,0,3,female,10.0,0,2,24.15,S,Third,child,False,C,Southampton,no,False,1,1
421,0,3,male,30.72664459161148,0,0,7.8958,C,Third,man,True,C,Cherbourg,no,True,1,1
422,0,3,male,21.0,0,0,7.7333,Q,Third,man,True,C,Queenstown,no,True,1,1
423,0,3,male,29.0,0,0,7.875,S,Third,man,True,C,Southampton,no,True,1,1
424,0,3,female,28.0,1,1,14.4,S,Third,woman,False,C,Southampton,no,False,1,1
425,0,3,male,18.0,1,1,20.2125,S,Third,man,True,C,Southampton,no,False,1,1
426,0,3,male,30.72664459161148,0,0,7.25,S,Third,man,True,C,Southampton,no,True,1,1
427,1,2,female,28.0,1,0,26.0,S,Second,woman,False,C,Southampton,yes,False,3,1
428,1,2,female,19.0,0,0,26.0,S,Second,woman,False,C,Southampton,yes,True,3,1
429,0,3,male,30.72664459161148,0,0,7.75,Q,Third,man,True,C,Queenstown,no,True,1,1
430,1,3,male,32.0,0,0,8.05,S,Third,man,True,E,Southampton,yes,True,1,1
431,1,1,male,28.0,0,0,26.55,S,First,man,True,C,Southampton,yes,True,2,1
432,1,3,female,27.915708812260537,1,0,16.1,S,Third,woman,False,C,Southampton,yes,False,1,1
433,1,2,female,42.0,1,0,26.0,S,Second,woman,False,C,Southampton,yes,False,3,1
434,0,3,male,17.0,0,0,7.125,S,Third,man,True,C,Southampton,no,True,1,1
435,0,1,male,50.0,1,0,55.9,S,First,man,True,E,Southampton,no,False,2,1
436,1,1,female,14.0,1,2,120.0,S,First,child,False,B,Southampton,yes,False,2,1
437,0,3,female,21.0,2,2,34.375,S,Third,woman,False,C,Southampton,no,False,1,1
438,1,2,female,24.0,2,3,18.75,S,Second,woman,False,C,Southampton,yes,False,3,1
439,0,1,male,64.0,1,4,263.0,S,First,man,True,C,Southampton,no,False,2,1
440,0,2,male,31.0,0,0,10.5,S,Second,man,True,C,Southampton,no,True,3,1
441,1,2,female,45.0,1,1,26.25,S,Second,woman,False,C,Southampton,yes,False,3,1
442,0,3,male,20.0,0,0,9.5,S,Third,man,True,C,Southampton,no,True,1,1
443,0,3,male,25.0,1,0,7.775,S,Third,man,True,C,Southampton,no,False,1,1
444,1,2,female,28.0,0,0,13.0,S,Second,woman,False,C,Southampton,yes,True,3,1
445,1,3,male,30.72664459161148,0,0,8.1125,S,Third,man,True,C,Southampton,yes,True,1,1
446,1,1,male,4.0,0,2,81.8583,S,First,child,False,A,Southampton,yes,False,2,1
447,1,2,female,13.0,0,1,19.5,S,Second,child,False,C,Southampton,yes,False,3,1
448,1,1,male,34.0,0,0,26.55,S,First,man,True,C,Southampton,yes,True,2,1
449,1,3,female,5.0,2,1,19.2583,C,Third,child,False,C,Cherbourg,yes,False,1,1
450,1,1,male,52.0,0,0,30.5,S,First,man,True,C,Southampton,yes,True,2,1
451,0,2,male,36.0,1,2,27.75,S,Second,man,True,C,Southampton,no,False,3,1
452,0,3,male,30.72664459161148,1,0,19.9667,S,Third,man,True,C,Southampton,no,False,1,1
453,0,1,male,30.0,0,0,27.75,C,First,man,True,C,Cherbourg,no,True,2,1
454,1,1,male,49.0,1,0,89.1042,C,First,man,True,C,Cherbourg,yes,False,2,1
455,0,3,male,30.72664459161148,0,0,8.05,S,Third,man,True,C,Southampton,no,True,1,1
456,1,3,male,29.0,0,0,7.8958,C,Third,man,True,C,Cherbourg,yes,True,1,1
457,0,1,male,65.0,0,0,26.55,S,First,man,True,E,Southampton,no,True,2,1
458,1,1,female,27.915708812260537,1,0,51.8625,S,First,woman,False,D,Southampton,yes,False,2,1
459,1,2,female,50.0,0,0,10.5,S,Second,woman,False,C,Southampton,yes,True,3,1
460,0,3,male,30.72664459161148,0,0,7.75,Q,Third,man,True,C,Queenstown,no,True,1,1
461,1,1,male,48.0,0,0,26.55,S,First,man,True,E,Southampton,yes,True,2,1
462,0,3,male,34.0,0,0,8.05,S,Third,man,True,C,Southampton,no,True,1,1
463,0,1,male,47.0,0,0,38.5,S,First,man,True,E,Southampton,no,True,2,1
464,0,2,male,48.0,0,0,13.0,S,Second,man,True,C,Southampton,no,True,3,1
465,0,3,male,30.72664459161148,0,0,8.05,S,Third,man,True,C,Southampton,no,True,1,1
466,0,3,male,38.0,0,0,7.05,S,Third,man,True,C,Southampton,no,True,1,1
467,0,2,male,30.72664459161148,0,0,0.0,S,Second,man,True,C,Southampton,no,True,3,1
468,0,1,male,56.0,0,0,26.55,S,First,man,True,C,Southampton,no,True,2,1
469,0,3,male,30.72664459161148,0,0,7.725,Q,Third,man,True,C,Queenstown,no,True,1,1
470,1,3,female,0.75,2,1,19.2583,C,Third,child,False,C,Cherbourg,yes,False,1,1
471,0,3,male,30.72664459161148,0,0,7.25,S,Third,man,True,C,Southampton,no,True,1,1
472,0,3,male,38.0,0,0,8.6625,S,Third,man,True,C,Southampton,no,True,1,1
473,1,2,female,33.0,1,2,27.75,S,Second,woman,False,C,Southampton,yes,False,3,1
474,1,2,female,23.0,0,0,13.7917,C,Second,woman,False,D,Cherbourg,yes,True,3,1
475,0,3,female,22.0,0,0,9.8375,S,Third,woman,False,C,Southampton,no,True,1,1
476,0,1,male,30.72664459161148,0,0,52.0,S,First,man,True,A,Southampton,no,True,2,1
477,0,2,male,34.0,1,0,21.0,S,Second,man,True,C,Southampton,no,False,3,1
478,0,3,male,29.0,1,0,7.0458,S,Third,man,True,C,Southampton,no,False,1,1
479,0,3,male,22.0,0,0,7.5208,S,Third,man,True,C,Southampton,no,True,1,1
480,1,3,female,2.0,0,1,12.2875,S,Third,child,False,C,Southampton,yes,False,1,1
481,0,3,male,9.0,5,2,46.9,S,Third,child,False,C,Southampton,no,False,1,1
482,0,2,male,30.72664459161148,0,0,0.0,S,Second,man,True,C,Southampton,no,True,3,1
483,0,3,male,50.0,0,0,8.05,S,Third,man,True,C,Southampton,no,True,1,1
484,1,3,female,63.0,0,0,9.5875,S,Third,woman,False,C,Southampton,yes,True,1,1
485,1,1,male,25.0,1,0,91.0792,C,First,man,True,B,Cherbourg,yes,False,2,1
486,0,3,female,27.915708812260537,3,1,25.4667,S,Third,woman,False,C,Southampton,no,False,1,1
487,1,1,female,35.0,1,0,90.0,S,First,woman,False,C,Southampton,yes,False,2,1
488,0,1,male,58.0,0,0,29.7,C,First,man,True,B,Cherbourg,no,True,2,1
489,0,3,male,30.0,0,0,8.05,S,Third,man,True,C,Southampton,no,True,1,1
490,1,3,male,9.0,1,1,15.9,S,Third,child,False,C,Southampton,yes,False,1,1
491,0,3,male,30.72664459161148,1,0,19.9667,S,Third,man,True,C,Southampton,no,False,1,1
492,0,3,male,21.0,0,0,7.25,S,Third,man,True,C,Southampton,no,True,1,1
493,0,1,male,55.0,0,0,30.5,S,First,man,True,C,Southampton,no,True,2,1
494,0,1,male,71.0,0,0,49.5042,C,First,man,True,C,Cherbourg,no,True,2,1
495,0,3,male,21.0,0,0,8.05,S,Third,man,True,C,Southampton,no,True,1,1
496,0,3,male,30.72664459161148,0,0,14.4583,C,Third,man,True,C,Cherbourg,no,True,1,1
497,1,1,female,54.0,1,0,78.2667,C,First,woman,False,D,Cherbourg,yes,False,2,1
498,0,3,male,30.72664459161148,0,0,15.1,S,Third,man,True,C,Southampton,no,True,1,1
499,0,1,female,25.0,1,2,151.55,S,First,woman,False,C,Southampton,no,False,2,1
500,0,3,male,24.0,0,0,7.7958,S,Third,man,True,C,Southampton,no,True,1,1
501,0,3,male,17.0,0,0,8.6625,S,Third,man,True,C,Southampton,no,True,1,1
502,0,3,female,21.0,0,0,7.75,Q,Third,woman,False,C,Queenstown,no,True,1,1
503,0,3,female,27.915708812260537,0,0,7.6292,Q,Third,woman,False,C,Queenstown,no,True,1,1
504,0,3,female,37.0,0,0,9.5875,S,Third,woman,False,C,Southampton,no,True,1,1
505,1,1,female,16.0,0,0,86.5,S,First,woman,False,B,Southampton,yes,True,2,1
506,0,1,male,18.0,1,0,108.9,C,First,man,True,C,Cherbourg,no,False,2,1
507,1,2,female,33.0,0,2,26.0,S,Second,woman,False,C,Southampton,yes,False,3,1
508,1,1,male,30.72664459161148,0,0,26.55,S,First,man,True,C,Southampton,yes,True,2,1
509,0,3,male,28.0,0,0,22.525,S,Third,man,True,C,Southampton,no,True,1,1
510,1,3,male,26.0,0,0,56.4958,S,Third,man,True,C,Southampton,yes,True,1,1
511,1,3,male,29.0,0,0,7.75,Q,Third,man,True,C,Queenstown,yes,True,1,1
512,0,3,male,30.72664459161148,0,0,8.05,S,Third,man,True,C,Southampton,no,True,1,1
513,1,1,male,36.0,0,0,26.2875,S,First,man,True,E,Southampton,yes,True,2,1
514,1,1,female,54.0,1,0,59.4,C,First,woman,False,C,Cherbourg,yes,False,2,1
515,0,3,male,24.0,0,0,7.4958,S,Third,man,True,C,Southampton,no,True,1,1
516,0,1,male,47.0,0,0,34.0208,S,First,man,True,D,Southampton,no,True,2,1
517,1,2,female,34.0,0,0,10.5,S,Second,woman,False,F,Southampton,yes,True,3,1
518,0,3,male,30.72664459161148,0,0,24.15,Q,Third,man,True,C,Queenstown,no,True,1,1
519,1,2,female,36.0,1,0,26.0,S,Second,woman,False,C,Southampton,yes,False,3,1
520,0,3,male,32.0,0,0,7.8958,S,Third,man,True,C,Southampton,no,True,1,1
521,1,1,female,30.0,0,0,93.5,S,First,woman,False,B,Southampton,yes,True,2,1
522,0,3,male,22.0,0,0,7.8958,S,Third,man,True,C,Southampton,no,True,1,1
523,0,3,male,30.72664459161148,0,0,7.225,C,Third,man,True,C,Cherbourg,no,True,1,1
524,1,1,female,44.0,0,1,57.9792,C,First,woman,False,B,Cherbourg,yes,False,2,1
525,0,3,male,30.72664459161148,0,0,7.2292,C,Third,man,True,C,Cherbourg,no,True,1,1
526,0,3,male,40.5,0,0,7.75,Q,Third,man,True,C,Queenstown,no,True,1,1
527,1,2,female,50.0,0,0,10.5,S,Second,woman,False,C,Southampton,yes,True,3,1
528,0,1,male,30.72664459161148,0,0,221.7792,S,First,man,True,C,Southampton,no,True,2,1
529,0,3,male,39.0,0,0,7.925,S,Third,man,True,C,Southampton,no,True,1,1
530,0,2,male,23.0,2,1,11.5,S,Second,man,True,C,Southampton,no,False,3,1
531,1,2,female,2.0,1,1,26.0,S,Second,child,False,C,Southampton,yes,False,3,1
532,0,3,male,30.72664459161148,0,0,7.2292,C,Third,man,True,C,Cherbourg,no,True,1,1
533,0,3,male,17.0,1,1,7.2292,C,Third,man,True,C,Cherbourg,no,False,1,1
534,1,3,female,27.915708812260537,0,2,22.3583,C,Third,woman,False,C,Cherbourg,yes,False,1,1
535,0,3,female,30.0,0,0,8.6625,S,Third,woman,False,C,Southampton,no,True,1,1
536,1,2,female,7.0,0,2,26.25,S,Second,child,False,C,Southampton,yes,False,3,1
537,0,1,male,45.0,0,0,26.55,S,First,man,True,B,Southampton,no,True,2,1
538,1,1,female,30.0,0,0,106.425,C,First,woman,False,C,Cherbourg,yes,True,2,1
539,0,3,male,30.72664459161148,0,0,14.5,S,Third,man,True,C,Southampton,no,True,1,1
540,1,1,female,22.0,0,2,49.5,C,First,woman,False,B,Cherbourg,yes,False,2,1
541,1,1,female,36.0,0,2,71.0,S,First,woman,False,B,Southampton,yes,False,2,1
542,0,3,female,9.0,4,2,31.275,S,Third,child,False,C,Southampton,no,False,1,1
543,0,3,female,11.0,4,2,31.275,S,Third,child,False,C,Southampton,no,False,1,1
544,1,2,male,32.0,1,0,26.0,S,Second,man,True,C,Southampton,yes,False,3,1
545,0,1,male,50.0,1,0,106.425,C,First,man,True,C,Cherbourg,no,False,2,1
546,0,1,male,64.0,0,0,26.0,S,First,man,True,C,Southampton,no,True,2,1
547,1,2,female,19.0,1,0,26.0,S,Second,woman,False,C,Southampton,yes,False,3,1
548,1,2,male,30.72664459161148,0,0,13.8625,C,Second,man,True,C,Cherbourg,yes,True,3,1
549,0,3,male,33.0,1,1,20.525,S,Third,man,True,C,Southampton,no,False,1,1
550,1,2,male,8.0,1,1,36.75,S,Second,child,False,C,Southampton,yes,False,3,1
551,1,1,male,17.0,0,2,110.8833,C,First,man,True,C,Cherbourg,yes,False,2,1
552,0,2,male,27.0,0,0,26.0,S,Second,man,True,C,Southampton,no,True,3,1
553,0,3,male,30.72664459161148,0,0,7.8292,Q,Third,man,True,C,Queenstown,no,True,1,1
554,1,3,male,22.0,0,0,7.225,C,Third,man,True,C,Cherbourg,yes,True,1,1
555,1,3,female,22.0,0,0,7.775,S,Third,woman,False,C,Southampton,yes,True,1,1
556,0,1,male,62.0,0,0,26.55,S,First,man,True,C,Southampton,no,True,2,1
557,1,1,female,48.0,1,0,39.6,C,First,woman,False,A,Cherbourg,yes,False,2,1
558,0,1,male,30.72664459161148,0,0,227.525,C,First,man,True,C,Cherbourg,no,True,2,1
559,1,1,female,39.0,1,1,79.65,S,First,woman,False,E,Southampton,yes,False,2,1
560,1,3,female,36.0,1,0,17.4,S,Third,woman,False,C,Southampton,yes,False,1,1
561,0,3,male,30.72664459161148,0,0,7.75,Q,Third,man,True,C,Queenstown,no,True,1,1
562,0,3,male,40.0,0,0,7.8958,S,Third,man,True,C,Southampton,no,True,1,1
563,0,2,male,28.0,0,0,13.5,S,Second,man,True,C,Southampton,no,True,3,1
564,0,3,male,30.72664459161148,0,0,8.05,S,Third,man,True,C,Southampton,no,True,1,1
565,0,3,female,27.915708812260537,0,0,8.05,S,Third,woman,False,C,Southampton,no,True,1,1
566,0,3,male,24.0,2,0,24.15,S,Third,man,True,C,Southampton,no,False,1,1
567,0,3,male,19.0,0,0,7.8958,S,Third,man,True,C,Southampton,no,True,1,1
568,0,3,female,29.0,0,4,21.075,S,Third,woman,False,C,Southampton,no,False,1,1
569,0,3,male,30.72664459161148,0,0,7.2292,C,Third,man,True,C,Cherbourg,no,True,1,1
570,1,3,male,32.0,0,0,7.8542,S,Third,man,True,C,Southampton,yes,True,1,1
571,1,2,male,62.0,0,0,10.5,S,Second,man,True,C,Southampton,yes,True,3,1
572,1,1,female,53.0,2,0,51.4792,S,First,woman,False,C,Southampton,yes,False,2,1
573,1,1,male,36.0,0,0,26.3875,S,First,man,True,E,Southampton,yes,True,2,1
574,1,3,female,27.915708812260537,0,0,7.75,Q,Third,woman,False,C,Queenstown,yes,True,1,1
575,0,3,male,16.0,0,0,8.05,S,Third,man,True,C,Southampton,no,True,1,1
576,0,3,male,19.0,0,0,14.5,S,Third,man,True,C,Southampton,no,True,1,1
577,1,2,female,34.0,0,0,13.0,S,Second,woman,False,C,Southampton,yes,True,3,1
578,1,1,female,39.0,1,0,55.9,S,First,woman,False,E,Southampton,yes,False,2,1
579,0,3,female,27.915708812260537,1,0,14.4583,C,Third,woman,False,C,Cherbourg,no,False,1,1
580,1,3,male,32.0,0,0,7.925,S,Third,man,True,C,Southampton,yes,True,1,1
581,1,2,female,25.0,1,1,30.0,S,Second,woman,False,C,Southampton,yes,False,3,1
582,1,1,female,39.0,1,1,110.8833,C,First,woman,False,C,Cherbourg,yes,False,2,1
583,0,2,male,54.0,0,0,26.0,S,Second,man,True,C,Southampton,no,True,3,1
584,0,1,male,36.0,0,0,40.125,C,First,man,True,A,Cherbourg,no,True,2,1
585,0,3,male,30.72664459161148,0,0,8.7125,C,Third,man,True,C,Cherbourg,no,True,1,1
586,1,1,female,18.0,0,2,79.65,S,First,woman,False,E,Southampton,yes,False,2,1
587,0,2,male,47.0,0,0,15.0,S,Second,man,True,C,Southampton,no,True,3,1
588,1,1,male,60.0,1,1,79.2,C,First,man,True,B,Cherbourg,yes,False,2,1
589,0,3,male,22.0,0,0,8.05,S,Third,man,True,C,Southampton,no,True,1,1
590,0,3,male,30.72664459161148,0,0,8.05,S,Third,man,True,C,Southampton,no,True,1,1
591,0,3,male,35.0,0,0,7.125,S,Third,man,True,C,Southampton,no,True,1,1
592,1,1,female,52.0,1,0,78.2667,C,First,woman,False,D,Cherbourg,yes,False,2,1
593,0,3,male,47.0,0,0,7.25,S,Third,man,True,C,Southampton,no,True,1,1
594,0,3,female,27.915708812260537,0,2,7.75,Q,Third,woman,False,C,Queenstown,no,False,1,1
595,0,2,male,37.0,1,0,26.0,S,Second,man,True,C,Southampton,no,False,3,1
596,0,3,male,36.0,1,1,24.15,S,Third,man,True,C,Southampton,no,False,1,1
597,1,2,female,27.915708812260537,0,0,33.0,S,Second,woman,False,C,Southampton,yes,True,3,1
598,0,3,male,49.0,0,0,0.0,S,Third,man,True,C,Southampton,no,True,1,1
599,0,3,male,30.72664459161148,0,0,7.225,C,Third,man,True,C,Cherbourg,no,True,1,1
600,1,1,male,49.0,1,0,56.9292,C,First,man,True,A,Cherbourg,yes,False,2,1
601,1,2,female,24.0,2,1,27.0,S,Second,woman,False,C,Southampton,yes,False,3,1
602,0,3,male,30.72664459161148,0,0,7.8958,S,Third,man,True,C,Southampton,no,True,1,1
603,0,1,male,30.72664459161148,0,0,42.4,S,First,man,True,C,Southampton,no,True,2,1
604,0,3,male,44.0,0,0,8.05,S,Third,man,True,C,Southampton,no,True,1,1
605,1,1,male,35.0,0,0,26.55,C,First,man,True,C,Cherbourg,yes,True,2,1
606,0,3,male,36.0,1,0,15.55,S,Third,man,True,C,Southampton,no,False,1,1
607,0,3,male,30.0,0,0,7.8958,S,Third,man,True,C,Southampton,no,True,1,1
608,1,1,male,27.0,0,0,30.5,S,First,man,True,C,Southampton,yes,True,2,1
609,1,2,female,22.0,1,2,41.5792,C,Second,woman,False,C,Cherbourg,yes,False,3,1
610,1,1,female,40.0,0,0,153.4625,S,First,woman,False,C,Southampton,yes,True,2,1
611,0,3,female,39.0,1,5,31.275,S,Third,woman,False,C,Southampton,no,False,1,1
612,0,3,male,30.72664459161148,0,0,7.05,S,Third,man,True,C,Southampton,no,True,1,1
613,1,3,female,27.915708812260537,1,0,15.5,Q,Third,woman,False,C,Queenstown,yes,False,1,1
614,0,3,male,30.72664459161148,0,0,7.75,Q,Third,man,True,C,Queenstown,no,True,1,1
615,0,3,male,35.0,0,0,8.05,S,Third,man,True,C,Southampton,no,True,1,1
616,1,2,female,24.0,1,2,65.0,S,Second,woman,False,C,Southampton,yes,False,3,1
617,0,3,male,34.0,1,1,14.4,S,Third,man,True,C,Southampton,no,False,1,1
618,0,3,female,26.0,1,0,16.1,S,Third,woman,False,C,Southampton,no,False,1,1
619,1,2,female,4.0,2,1,39.0,S,Second,child,False,F,Southampton,yes,False,3,1
620,0,2,male,26.0,0,0,10.5,S,Second,man,True,C,Southampton,no,True,3,1
621,0,3,male,27.0,1,0,14.4542,C,Third,man,True,C,Cherbourg,no,False,1,1
622,1,1,male,42.0,1,0,52.5542,S,First,man,True,D,Southampton,yes,False,2,1
623,1,3,male,20.0,1,1,15.7417,C,Third,man,True,C,Cherbourg,yes,False,1,1
624,0,3,male,21.0,0,0,7.8542,S,Third,man,True,C,Southampton,no,True,1,1
625,0,3,male,21.0,0,0,16.1,S,Third,man,True,C,Southampton,no,True,1,1
626,0,1,male,61.0,0,0,32.3208,S,First,man,True,D,Southampton,no,True,2,1
627,0,2,male,57.0,0,0,12.35,Q,Second,man,True,C,Queenstown,no,True,3,1
628,1,1,female,21.0,0,0,77.9583,S,First,woman,False,D,Southampton,yes,True,2,1
629,0,3,male,26.0,0,0,7.8958,S,Third,man,True,C,Southampton,no,True,1,1
630,0,3,male,30.72664459161148,0,0,7.7333,Q,Third,man,True,C,Queenstown,no,True,1,1
631,1,1,male,80.0,0,0,30.0,S,First,man,True,A,Southampton,yes,True,2,1
632,0,3,male,51.0,0,0,7.0542,S,Third,man,True,C,Southampton,no,True,1,1
633,1,1,male,32.0,0,0,30.5,C,First,man,True,B,Cherbourg,yes,True,2,1
634,0,1,male,30.72664459161148,0,0,0.0,S,First,man,True,C,Southampton,no,True,2,1
635,0,3,female,9.0,3,2,27.9,S,Third,child,False,C,Southampton,no,False,1,1
636,1,2,female,28.0,0,0,13.0,S,Second,woman,False,C,Southampton,yes,True,3,1
637,0,3,male,32.0,0,0,7.925,S,Third,man,True,C,Southampton,no,True,1,1
638,0,2,male,31.0,1,1,26.25,S,Second,man,True,C,Southampton,no,False,3,1
639,0,3,female,41.0,0,5,39.6875,S,Third,woman,False,C,Southampton,no,False,1,1
640,0,3,male,30.72664459161148,1,0,16.1,S,Third,man,True,C,Southampton,no,False,1,1
641,0,3,male,20.0,0,0,7.8542,S,Third,man,True,C,Southampton,no,True,1,1
642,1,1,female,24.0,0,0,69.3,C,First,woman,False,B,Cherbourg,yes,True,2,1
643,0,3,female,2.0,3,2,27.9,S,Third,child,False,C,Southampton,no,False,1,1
644,1,3,male,30.72664459161148,0,0,56.4958,S,Third,man,True,C,Southampton,yes,True,1,1
645,1,3,female,0.75,2,1,19.2583,C,Third,child,False,C,Cherbourg,yes,False,1,1
646,1,1,male,48.0,1,0,76.7292,C,First,man,True,D,Cherbourg,yes,False,2,1
647,0,3,male,19.0,0,0,7.8958,S,Third,man,True,C,Southampton,no,True,1,1
648,1,1,male,56.0,0,0,35.5,C,First,man,True,A,Cherbourg,yes,True,2,1
649,0,3,male,30.72664459161148,0,0,7.55,S,Third,man,True,C,Southampton,no,True,1,1
650,1,3,female,23.0,0,0,7.55,S,Third,woman,False,C,Southampton,yes,True,1,1
651,0,3,male,30.72664459161148,0,0,7.8958,S,Third,man,True,C,Southampton,no,True,1,1
652,1,2,female,18.0,0,1,23.0,S,Second,woman,False,C,Southampton,yes,False,3,1
653,0,3,male,21.0,0,0,8.4333,S,Third,man,True,C,Southampton,no,True,1,1
654,1,3,female,27.915708812260537,0,0,7.8292,Q,Third,woman,False,C,Queenstown,yes,True,1,1
655,0,3,female,18.0,0,0,6.75,Q,Third,woman,False,C,Queenstown,no,True,1,1
656,0,2,male,24.0,2,0,73.5,S,Second,man,True,C,Southampton,no,False,3,1
657,0,3,male,30.72664459161148,0,0,7.8958,S,Third,man,True,C,Southampton,no,True,1,1
658,0,3,female,32.0,1,1,15.5,Q,Third,woman,False,C,Queenstown,no,False,1,1
659,0,2,male,23.0,0,0,13.0,S,Second,man,True,C,Southampton,no,True,3,1
660,0,1,male,58.0,0,2,113.275,C,First,man,True,D,Cherbourg,no,False,2,1
661,1,1,male,50.0,2,0,133.65,S,First,man,True,C,Southampton,yes,False,2,1
662,0,3,male,40.0,0,0,7.225,C,Third,man,True,C,Cherbourg,no,True,1,1
663,0,1,male,47.0,0,0,25.5875,S,First,man,True,E,Southampton,no,True,2,1
664,0,3,male,36.0,0,0,7.4958,S,Third,man,True,C,Southampton,no,True,1,1
665,1,3,male,20.0,1,0,7.925,S,Third,man,True,C,Southampton,yes,False,1,1
666,0,2,male,32.0,2,0,73.5,S,Second,man,True,C,Southampton,no,False,3,1
667,0,2,male,25.0,0,0,13.0,S,Second,man,True,C,Southampton,no,True,3,1
668,0,3,male,30.72664459161148,0,0,7.775,S,Third,man,True,C,Southampton,no,True,1,1
669,0,3,male,43.0,0,0,8.05,S,Third,man,True,C,Southampton,no,True,1,1
670,1,1,female,27.915708812260537,1,0,52.0,S,First,woman,False,C,Southampton,yes,False,2,1
671,1,2,female,40.0,1,1,39.0,S,Second,woman,False,C,Southampton,yes,False,3,1
672,0,1,male,31.0,1,0,52.0,S,First,man,True,B,Southampton,no,False,2,1
673,0,2,male,70.0,0,0,10.5,S,Second,man,True,C,Southampton,no,True,3,1
674,1,2,male,31.0,0,0,13.0,S,Second,man,True,C,Southampton,yes,True,3,1
675,0,2,male,30.72664459161148,0,0,0.0,S,Second,man,True,C,Southampton,no,True,3,1
676,0,3,male,18.0,0,0,7.775,S,Third,man,True,C,Southampton,no,True,1,1
677,0,3,male,24.5,0,0,8.05,S,Third,man,True,C,Southampton,no,True,1,1
678,1,3,female,18.0,0,0,9.8417,S,Third,woman,False,C,Southampton,yes,True,1,1
679,0,3,female,43.0,1,6,46.9,S,Third,woman,False,C,Southampton,no,False,1,1
680,1,1,male,36.0,0,1,512.3292,C,First,man,True,B,Cherbourg,yes,False,2,1
681,0,3,female,27.915708812260537,0,0,8.1375,Q,Third,woman,False,C,Queenstown,no,True,1,1
682,1,1,male,27.0,0,0,76.7292,C,First,man,True,D,Cherbourg,yes,True,2,1
683,0,3,male,20.0,0,0,9.225,S,Third,man,True,C,Southampton,no,True,1,1
684,0,3,male,14.0,5,2,46.9,S,Third,child,False,C,Southampton,no,False,1,1
685,0,2,male,60.0,1,1,39.0,S,Second,man,True,C,Southampton,no,False,3,1
686,0,2,male,25.0,1,2,41.5792,C,Second,man,True,C,Cherbourg,no,False,3,1
687,0,3,male,14.0,4,1,39.6875,S,Third,child,False,C,Southampton,no,False,1,1
688,0,3,male,19.0,0,0,10.1708,S,Third,man,True,C,Southampton,no,True,1,1
689,0,3,male,18.0,0,0,7.7958,S,Third,man,True,C,Southampton,no,True,1,1
690,1,1,female,15.0,0,1,211.3375,S,First,child,False,B,Southampton,yes,False,2,1
691,1,1,male,31.0,1,0,57.0,S,First,man,True,B,Southampton,yes,False,2,1
692,1,3,female,4.0,0,1,13.4167,C,Third,child,False,C,Cherbourg,yes,False,1,1
693,1,3,male,30.72664459161148,0,0,56.4958,S,Third,man,True,C,Southampton,yes,True,1,1
694,0,3,male,25.0,0,0,7.225,C,Third,man,True,C,Cherbourg,no,True,1,1
695,0,1,male,60.0,0,0,26.55,S,First,man,True,C,Southampton,no,True,2,1
696,0,2,male,52.0,0,0,13.5,S,Second,man,True,C,Southampton,no,True,3,1
697,0,3,male,44.0,0,0,8.05,S,Third,man,True,C,Southampton,no,True,1,1
698,1,3,female,27.915708812260537,0,0,7.7333,Q,Third,woman,False,C,Queenstown,yes,True,1,1
699,0,1,male,49.0,1,1,110.8833,C,First,man,True,C,Cherbourg,no,False,2,1
700,0,3,male,42.0,0,0,7.65,S,Third,man,True,F,Southampton,no,True,1,1
701,1,1,female,18.0,1,0,227.525,C,First,woman,False,C,Cherbourg,yes,False,2,1
702,1,1,male,35.0,0,0,26.2875,S,First,man,True,E,Southampton,yes,True,2,1
703,0,3,female,18.0,0,1,14.4542,C,Third,woman,False,C,Cherbourg,no,False,1,1
704,0,3,male,25.0,0,0,7.7417,Q,Third,man,True,C,Queenstown,no,True,1,1
705,0,3,male,26.0,1,0,7.8542,S,Third,man,True,C,Southampton,no,False,1,1
706,0,2,male,39.0,0,0,26.0,S,Second,man,True,C,Southampton,no,True,3,1
707,1,2,female,45.0,0,0,13.5,S,Second,woman,False,C,Southampton,yes,True,3,1
708,1,1,male,42.0,0,0,26.2875,S,First,man,True,E,Southampton,yes,True,2,1
709,1,1,female,22.0,0,0,151.55,S,First,woman,False,C,Southampton,yes,True,2,1
710,1,3,male,30.72664459161148,1,1,15.2458,C,Third,man,True,C,Cherbourg,yes,False,1,1
711,1,1,female,24.0,0,0,49.5042,C,First,woman,False,C,Cherbourg,yes,True,2,1
712,0,1,male,30.72664459161148,0,0,26.55,S,First,man,True,C,Southampton,no,True,2,1
713,1,1,male,48.0,1,0,52.0,S,First,man,True,C,Southampton,yes,False,2,1
714,0,3,male,29.0,0,0,9.4833,S,Third,man,True,C,Southampton,no,True,1,1
715,0,2,male,52.0,0,0,13.0,S,Second,man,True,C,Southampton,no,True,3,1
716,0,3,male,19.0,0,0,7.65,S,Third,man,True,F,Southampton,no,True,1,1
717,1,1,female,38.0,0,0,227.525,C,First,woman,False,C,Cherbourg,yes,True,2,1
718,1,2,female,27.0,0,0,10.5,S,Second,woman,False,E,Southampton,yes,True,3,1
719,0,3,male,30.72664459161148,0,0,15.5,Q,Third,man,True,C,Queenstown,no,True,1,1
720,0,3,male,33.0,0,0,7.775,S,Third,man,True,C,Southampton,no,True,1,1
721,1,2,female,6.0,0,1,33.0,S,Second,child,False,C,Southampton,yes,False,3,1
722,0,3,male,17.0,1,0,7.0542,S,Third,man,True,C,Southampton,no,False,1,1
723,0,2,male,34.0,0,0,13.0,S,Second,man,True,C,Southampton,no,True,3,1
724,0,2,male,50.0,0,0,13.0,S,Second,man,True,C,Southampton,no,True,3,1
725,1,1,male,27.0,1,0,53.1,S,First,man,True,E,Southampton,yes,False,2,1
726,0,3,male,20.0,0,0,8.6625,S,Third,man,True,C,Southampton,no,True,1,1
727,1,2,female,30.0,3,0,21.0,S,Second,woman,False,C,Southampton,yes,False,3,1
728,1,3,female,27.915708812260537,0,0,7.7375,Q,Third,woman,False,C,Queenstown,yes,True,1,1
729,0,2,male,25.0,1,0,26.0,S,Second,man,True,C,Southampton,no,False,3,1
730,0,3,female,25.0,1,0,7.925,S,Third,woman,False,C,Southampton,no,False,1,1
731,1,1,female,29.0,0,0,211.3375,S,First,woman,False,B,Southampton,yes,True,2,1
732,0,3,male,11.0,0,0,18.7875,C,Third,child,False,C,Cherbourg,no,True,1,1
733,0,2,male,30.72664459161148,0,0,0.0,S,Second,man,True,C,Southampton,no,True,3,1
734,0,2,male,23.0,0,0,13.0,S,Second,man,True,C,Southampton,no,True,3,1
735,0,2,male,23.0,0,0,13.0,S,Second,man,True,C,Southampton,no,True,3,1
736,0,3,male,28.5,0,0,16.1,S,Third,man,True,C,Southampton,no,True,1,1
737,0,3,female,48.0,1,3,34.375,S,Third,woman,False,C,Southampton,no,False,1,1
738,1,1,male,35.0,0,0,512.3292,C,First,man,True,B,Cherbourg,yes,True,2,1
739,0,3,male,30.72664459161148,0,0,7.8958,S,Third,man,True,C,Southampton,no,True,1,1
740,0,3,male,30.72664459161148,0,0,7.8958,S,Third,man,True,C,Southampton,no,True,1,1
741,1,1,male,30.72664459161148,0,0,30.0,S,First,man,True,D,Southampton,yes,True,2,1
742,0,1,male,36.0,1,0,78.85,S,First,man,True,C,Southampton,no,False,2,1
743,1,1,female,21.0,2,2,262.375,C,First,woman,False,B,Cherbourg,yes,False,2,1
744,0,3,male,24.0,1,0,16.1,S,Third,man,True,C,Southampton,no,False,1,1
745,1,3,male,31.0,0,0,7.925,S,Third,man,True,C,Southampton,yes,True,1,1
746,0,1,male,70.0,1,1,71.0,S,First,man,True,B,Southampton,no,False,2,1
747,0,3,male,16.0,1,1,20.25,S,Third,man,True,C,Southampton,no,False,1,1
748,1,2,female,30.0,0,0,13.0,S,Second,woman,False,C,Southampton,yes,True,3,1
749,0,1,male,19.0,1,0,53.1,S,First,man,True,D,Southampton,no,False,2,1
750,0,3,male,31.0,0,0,7.75,Q,Third,man,True,C,Queenstown,no,True,1,1
751,1,2,female,4.0,1,1,23.0,S,Second,child,False,C,Southampton,yes,False,3,1
752,1,3,male,6.0,0,1,12.475,S,Third,child,False,E,Southampton,yes,False,1,1
753,0,3,male,33.0,0,0,9.5,S,Third,man,True,C,Southampton,no,True,1,1
754,0,3,male,23.0,0,0,7.8958,S,Third,man,True,C,Southampton,no,True,1,1
755,1,2,female,48.0,1,2,65.0,S,Second,woman,False,C,Southampton,yes,False,3,1
756,1,2,male,0.67,1,1,14.5,S,Second,child,False,C,Southampton,yes,False,3,1
757,0,3,male,28.0,0,0,7.7958,S,Third,man,True,C,Southampton,no,True,1,1
758,0,2,male,18.0,0,0,11.5,S,Second,man,True,C,Southampton,no,True,3,1
759,0,3,male,34.0,0,0,8.05,S,Third,man,True,C,Southampton,no,True,1,1
760,1,1,female,33.0,0,0,86.5,S,First,woman,False,B,Southampton,yes,True,2,1
761,0,3,male,30.72664459161148,0,0,14.5,S,Third,man,True,C,Southampton,no,True,1,1
762,0,3,male,41.0,0,0,7.125,S,Third,man,True,C,Southampton,no,True,1,1
763,1,3,male,20.0,0,0,7.2292,C,Third,man,True,C,Cherbourg,yes,True,1,1
764,1,1,female,36.0,1,2,120.0,S,First,woman,False,B,Southampton,yes,False,2,1
765,0,3,male,16.0,0,0,7.775,S,Third,man,True,C,Southampton,no,True,1,1
766,1,1,female,51.0,1,0,77.9583,S,First,woman,False,D,Southampton,yes,False,2,1
767,0,1,male,30.72664459161148,0,0,39.6,C,First,man,True,C,Cherbourg,no,True,2,1
768,0,3,female,30.5,0,0,7.75,Q,Third,woman,False,C,Queenstown,no,True,1,1
769,0,3,male,30.72664459161148,1,0,24.15,Q,Third,man,True,C,Queenstown,no,False,1,1
770,0,3,male,32.0,0,0,8.3625,S,Third,man,True,C,Southampton,no,True,1,1
771,0,3,male,24.0,0,0,9.5,S,Third,man,True,C,Southampton,no,True,1,1
772,0,3,male,48.0,0,0,7.8542,S,Third,man,True,C,Southampton,no,True,1,1
773,0,2,female,57.0,0,0,10.5,S,Second,woman,False,E,Southampton,no,True,3,1
774,0,3,male,30.72664459161148,0,0,7.225,C,Third,man,True,C,Cherbourg,no,True,1,1
775,1,2,female,54.0,1,3,23.0,S,Second,woman,False,C,Southampton,yes,False,3,1
776,0,3,male,18.0,0,0,7.75,S,Third,man,True,C,Southampton,no,True,1,1
777,0,3,male,30.72664459161148,0,0,7.75,Q,Third,man,True,F,Queenstown,no,True,1,1
778,1,3,female,5.0,0,0,12.475,S,Third,child,False,C,Southampton,yes,True,1,1
779,0,3,male,30.72664459161148,0,0,7.7375,Q,Third,man,True,C,Queenstown,no,True,1,1
780,1,1,female,43.0,0,1,211.3375,S,First,woman,False,B,Southampton,yes,False,2,1
781,1,3,female,13.0,0,0,7.2292,C,Third,child,False,C,Cherbourg,yes,True,1,1
782,1,1,female,17.0,1,0,57.0,S,First,woman,False,B,Southampton,yes,False,2,1
783,0,1,male,29.0,0,0,30.0,S,First,man,True,D,Southampton,no,True,2,1
784,0,3,male,30.72664459161148,1,2,23.45,S,Third,man,True,C,Southampton,no,False,1,1
785,0,3,male,25.0,0,0,7.05,S,Third,man,True,C,Southampton,no,True,1,1
786,0,3,male,25.0,0,0,7.25,S,Third,man,True,C,Southampton,no,True,1,1
787,1,3,female,18.0,0,0,7.4958,S,Third,woman,False,C,Southampton,yes,True,1,1
788,0,3,male,8.0,4,1,29.125,Q,Third,child,False,C,Queenstown,no,False,1,1
789,1,3,male,1.0,1,2,20.575,S,Third,child,False,C,Southampton,yes,False,1,1
790,0,1,male,46.0,0,0,79.2,C,First,man,True,B,Cherbourg,no,True,2,1
791,0,3,male,30.72664459161148,0,0,7.75,Q,Third,man,True,C,Queenstown,no,True,1,1
792,0,2,male,16.0,0,0,26.0,S,Second,man,True,C,Southampton,no,True,3,1
793,0,3,female,27.915708812260537,8,2,69.55,S,Third,woman,False,C,Southampton,no,False,1,1
794,0,1,male,30.72664459161148,0,0,30.6958,C,First,man,True,C,Cherbourg,no,True,2,1
795,0,3,male,25.0,0,0,7.8958,S,Third,man,True,C,Southampton,no,True,1,1
796,0,2,male,39.0,0,0,13.0,S,Second,man,True,C,Southampton,no,True,3,1
797,1,1,female,49.0,0,0,25.9292,S,First,woman,False,D,Southampton,yes,True,2,1
798,1,3,female,31.0,0,0,8.6833,S,Third,woman,False,C,Southampton,yes,True,1,1
799,0,3,male,30.0,0,0,7.2292,C,Third,man,True,C,Cherbourg,no,True,1,1
800,0,3,female,30.0,1,1,24.15,S,Third,woman,False,C,Southampton,no,False,1,1
801,0,2,male,34.0,0,0,13.0,S,Second,man,True,C,Southampton,no,True,3,1
802,1,2,female,31.0,1,1,26.25,S,Second,woman,False,C,Southampton,yes,False,3,1
803,1,1,male,11.0,1,2,120.0,S,First,child,False,B,Southampton,yes,False,2,1
804,1,3,male,0.42,0,1,8.5167,C,Third,child,False,C,Cherbourg,yes,False,1,1
805,1,3,male,27.0,0,0,6.975,S,Third,man,True,C,Southampton,yes,True,1,1
806,0,3,male,31.0,0,0,7.775,S,Third,man,True,C,Southampton,no,True,1,1
807,0,1,male,39.0,0,0,0.0,S,First,man,True,A,Southampton,no,True,2,1
808,0,3,female,18.0,0,0,7.775,S,Third,woman,False,C,Southampton,no,True,1,1
809,0,2,male,39.0,0,0,13.0,S,Second,man,True,C,Southampton,no,True,3,1
810,1,1,female,33.0,1,0,53.1,S,First,woman,False,E,Southampton,yes,False,2,1
811,0,3,male,26.0,0,0,7.8875,S,Third,man,True,C,Southampton,no,True,1,1
812,0,3,male,39.0,0,0,24.15,S,Third,man,True,C,Southampton,no,True,1,1
813,0,2,male,35.0,0,0,10.5,S,Second,man,True,C,Southampton,no,True,3,1
814,0,3,female,6.0,4,2,31.275,S,Third,child,False,C,Southampton,no,False,1,1
815,0,3,male,30.5,0,0,8.05,S,Third,man,True,C,Southampton,no,True,1,1
816,0,1,male,30.72664459161148,0,0,0.0,S,First,man,True,B,Southampton,no,True,2,1
817,0,3,female,23.0,0,0,7.925,S,Third,woman,False,C,Southampton,no,True,1,1
818,0,2,male,31.0,1,1,37.0042,C,Second,man,True,C,Cherbourg,no,False,3,1
819,0,3,male,43.0,0,0,6.45,S,Third,man,True,C,Southampton,no,True,1,1
820,0,3,male,10.0,3,2,27.9,S,Third,child,False,C,Southampton,no,False,1,1
821,1,1,female,52.0,1,1,93.5,S,First,woman,False,B,Southampton,yes,False,2,1
822,1,3,male,27.0,0,0,8.6625,S,Third,man,True,C,Southampton,yes,True,1,1
823,0,1,male,38.0,0,0,0.0,S,First,man,True,C,Southampton,no,True,2,1
824,1,3,female,27.0,0,1,12.475,S,Third,woman,False,E,Southampton,yes,False,1,1
825,0,3,male,2.0,4,1,39.6875,S,Third,child,False,C,Southampton,no,False,1,1
826,0,3,male,30.72664459161148,0,0,6.95,Q,Third,man,True,C,Queenstown,no,True,1,1
827,0,3,male,30.72664459161148,0,0,56.4958,S,Third,man,True,C,Southampton,no,True,1,1
828,1,2,male,1.0,0,2,37.0042,C,Second,child,False,C,Cherbourg,yes,False,3,1
829,1,3,male,30.72664459161148,0,0,7.75,Q,Third,man,True,C,Queenstown,yes,True,1,1
830,1,1,female,62.0,0,0,80.0,S,First,woman,False,B,Southampton,yes,True,2,1
831,1,3,female,15.0,1,0,14.4542,C,Third,child,False,C,Cherbourg,yes,False,1,1
832,1,2,male,0.83,1,1,18.75,S,Second,child,False,C,Southampton,yes,False,3,1
833,0,3,male,30.72664459161148,0,0,7.2292,C,Third,man,True,C,Cherbourg,no,True,1,1
834,0,3,male,23.0,0,0,7.8542,S,Third,man,True,C,Southampton,no,True,1,1
835,0,3,male,18.0,0,0,8.3,S,Third,man,True,C,Southampton,no,True,1,1
836,1,1,female,39.0,1,1,83.1583,C,First,woman,False,E,Cherbourg,yes,False,2,1
837,0,3,male,21.0,0,0,8.6625,S,Third,man,True,C,Southampton,no,True,1,1
838,0,3,male,30.72664459161148,0,0,8.05,S,Third,man,True,C,Southampton,no,True,1,1
839,1,3,male,32.0,0,0,56.4958,S,Third,man,True,C,Southampton,yes,True,1,1
840,1,1,male,30.72664459161148,0,0,29.7,C,First,man,True,C,Cherbourg,yes,True,2,1
841,0,3,male,20.0,0,0,7.925,S,Third,man,True,C,Southampton,no,True,1,1
842,0,2,male,16.0,0,0,10.5,S,Second,man,True,C,Southampton,no,True,3,1
843,1,1,female,30.0,0,0,31.0,C,First,woman,False,C,Cherbourg,yes,True,2,1
844,0,3,male,34.5,0,0,6.4375,C,Third,man,True,C,Cherbourg,no,True,1,1
845,0,3,male,17.0,0,0,8.6625,S,Third,man,True,C,Southampton,no,True,1,1
846,0,3,male,42.0,0,0,7.55,S,Third,man,True,C,Southampton,no,True,1,1
847,0,3,male,30.72664459161148,8,2,69.55,S,Third,man,True,C,Southampton,no,False,1,1
848,0,3,male,35.0,0,0,7.8958,C,Third,man,True,C,Cherbourg,no,True,1,1
849,0,2,male,28.0,0,1,33.0,S,Second,man,True,C,Southampton,no,False,3,1
850,1,1,female,27.915708812260537,1,0,89.1042,C,First,woman,False,C,Cherbourg,yes,False,2,1
851,0,3,male,4.0,4,2,31.275,S,Third,child,False,C,Southampton,no,False,1,1
852,0,3,male,74.0,0,0,7.775,S,Third,man,True,C,Southampton,no,True,1,1
853,0,3,female,9.0,1,1,15.2458,C,Third,child,False,C,Cherbourg,no,False,1,1
854,1,1,female,16.0,0,1,39.4,S,First,woman,False,D,Southampton,yes,False,2,1
855,0,2,female,44.0,1,0,26.0,S,Second,woman,False,C,Southampton,no,False,3,1
856,1,3,female,18.0,0,1,9.35,S,Third,woman,False,C,Southampton,yes,False,1,1
857,1,1,female,45.0,1,1,164.8667,S,First,woman,False,C,Southampton,yes,False,2,1
858,1,1,male,51.0,0,0,26.55,S,First,man,True,E,Southampton,yes,True,2,1
859,1,3,female,24.0,0,3,19.2583,C,Third,woman,False,C,Cherbourg,yes,False,1,1
860,0,3,male,30.72664459161148,0,0,7.2292,C,Third,man,True,C,Cherbourg,no,True,1,1
861,0,3,male,41.0,2,0,14.1083,S,Third,man,True,C,Southampton,no,False,1,1
862,0,2,male,21.0,1,0,11.5,S,Second,man,True,C,Southampton,no,False,3,1
863,1,1,female,48.0,0,0,25.9292,S,First,woman,False,D,Southampton,yes,True,2,1
864,0,3,female,27.915708812260537,8,2,69.55,S,Third,woman,False,C,Southampton,no,False,1,1
865,0,2,male,24.0,0,0,13.0,S,Second,man,True,C,Southampton,no,True,3,1
866,1,2,female,42.0,0,0,13.0,S,Second,woman,False,C,Southampton,yes,True,3,1
867,1,2,female,27.0,1,0,13.8583,C,Second,woman,False,C,Cherbourg,yes,False,3,1
868,0,1,male,31.0,0,0,50.4958,S,First,man,True,A,Southampton,no,True,2,1
869,0,3,male,30.72664459161148,0,0,9.5,S,Third,man,True,C,Southampton,no,True,1,1
870,1,3,male,4.0,1,1,11.1333,S,Third,child,False,C,Southampton,yes,False,1,1
871,0,3,male,26.0,0,0,7.8958,S,Third,man,True,C,Southampton,no,True,1,1
872,1,1,female,47.0,1,1,52.5542,S,First,woman,False,D,Southampton,yes,False,2,1
873,0,1,male,33.0,0,0,5.0,S,First,man,True,B,Southampton,no,True,2,1
874,0,3,male,47.0,0,0,9.0,S,Third,man,True,C,Southampton,no,True,1,1
875,1,2,female,28.0,1,0,24.0,C,Second,woman,False,C,Cherbourg,yes,False,3,1
876,1,3,female,15.0,0,0,7.225,C,Third,child,False,C,Cherbourg,yes,True,1,1
877,0,3,male,20.0,0,0,9.8458,S,Third,man,True,C,Southampton,no,True,1,1
878,0,3,male,19.0,0,0,7.8958,S,Third,man,True,C,Southampton,no,True,1,1
879,0,3,male,30.72664459161148,0,0,7.8958,S,Third,man,True,C,Southampton,no,True,1,1
880,1,1,female,56.0,0,1,83.1583,C,First,woman,False,C,Cherbourg,yes,False,2,1
881,1,2,female,25.0,0,1,26.0,S,Second,woman,False,C,Southampton,yes,False,3,1
882,0,3,male,33.0,0,0,7.8958,S,Third,man,True,C,Southampton,no,True,1,1
883,0,3,female,22.0,0,0,10.5167,S,Third,woman,False,C,Southampton,no,True,1,1
884,0,2,male,28.0,0,0,10.5,S,Second,man,True,C,Southampton,no,True,3,1
885,0,3,male,25.0,0,0,7.05,S,Third,man,True,C,Southampton,no,True,1,1
886,0,3,female,39.0,0,5,29.125,Q,Third,woman,False,C,Queenstown,no,False,1,1
887,0,2,male,27.0,0,0,13.0,S,Second,man,True,C,Southampton,no,True,3,1
888,1,1,female,19.0,0,0,30.0,S,First,woman,False,B,Southampton,yes,True,2,1
889,0,3,female,27.915708812260537,1,2,23.45,S,Third,woman,False,C,Southampton,no,False,1,1
890,1,1,male,26.0,0,0,30.0,C,First,man,True,C,Cherbourg,yes,True,2,1
891,0,3,male,32.0,0,0,7.75,Q,Third,man,True,C,Queenstown,no,True,1,1
